{
  "x": [
    0,
    1,
    2,
    3,
    4,
    5,
    6,
    7,
    8,
    9,
    10,
    11,
    12,
    13,
    14,
    15,
    16,
    17,
    18,
    19,
    20,
    21,
    22,
    23,
    24,
    25,
    26,
    27,
    28,
    29,
    30,
    31,
    32,
    33,
    34,
    35,
    36,
    37,
    38,
    39,
    40,
    41,
    42,
    43,
    44,
    45,
    46,
    47,
    48,
    49,
    50,
    51,
    52,
    53,
    54,
    55,
    56,
    57,
    58,
    59,
    60,
    61,
    62
  ],
  "Random": [
    0.0,
    0.08645569620253164,
    0.16664556962025318,
    0.2389873417721519,
    0.3051898734177215,
    0.36683544303797466,
    0.4240506329113924,
    0.4769620253164557,
    0.5248101265822784,
    0.5675316455696202,
    0.6063291139240506,
    0.640253164556962,
    0.670506329113924,
    0.6975949367088607,
    0.7217721518987342,
    0.7428481012658228,
    0.7615822784810127,
    0.7775316455696203,
    0.7912658227848102,
    0.8030379746835443,
    0.8132278481012658,
    0.8224683544303798,
    0.8312658227848101,
    0.8395569620253165,
    0.8474050632911393,
    0.8550632911392405,
    0.8625949367088608,
    0.870126582278481,
    0.8775949367088608,
    0.885,
    0.8922784810126583,
    0.8994936708860759,
    0.9067088607594936,
    0.9139240506329114,
    0.9210759493670886,
    0.9282278481012658,
    0.9351898734177215,
    0.9418354430379747,
    0.9480379746835443,
    0.9540506329113924,
    0.96,
    0.9655696202531645,
    0.970632911392405,
    0.9751898734177216,
    0.9794303797468354,
    0.9829746835443038,
    0.9861392405063291,
    0.9887341772151899,
    0.9906962025316456,
    0.9922784810126583,
    0.9935443037974684,
    0.9946835443037975,
    0.9957594936708861,
    0.9967088607594937,
    0.9975316455696203,
    0.9981645569620253,
    0.9986075949367088,
    0.9990506329113924,
    0.9994303797468355,
    0.9996835443037975,
    0.9998101265822785,
    0.9998734177215189,
    0.9999367088607595
  ],
  "Algorithm": [
    0.0,
    0.13324074074074074,
    0.2664814814814815,
    0.3997222222222222,
    0.532962962962963,
    0.6662037037037037,
    0.7994444444444444,
    0.8669444444444444,
    0.914074074074074,
    0.9612037037037037,
    1.0,
    1.0,
    1.0,
    1.0,
    1.0,
    1.0,
    1.0,
    1.0,
    1.0,
    1.0,
    1.0,
    1.0,
    1.0,
    1.0,
    1.0,
    1.0,
    1.0,
    1.0,
    1.0,
    1.0,
    1.0,
    1.0,
    1.0,
    1.0,
    1.0,
    1.0,
    1.0,
    1.0,
    1.0,
    1.0,
    1.0,
    1.0,
    1.0,
    1.0,
    1.0,
    1.0,
    1.0,
    1.0,
    1.0,
    1.0,
    1.0,
    1.0,
    1.0,
    1.0,
    1.0,
    1.0,
    1.0,
    1.0,
    1.0,
    1.0,
    1.0,
    1.0,
    1.0
  ]
}