{
  "x": [
    0,
    1,
    2,
    3,
    4,
    5,
    6,
    7,
    8,
    9,
    10,
    11,
    12,
    13,
    14,
    15,
    16,
    17,
    18,
    19,
    20,
    21,
    22,
    23,
    24,
    25,
    26
  ],
  "Random": [
    0.0,
    0.06913461538461538,
    0.13817307692307693,
    0.20711538461538462,
    0.2760096153846154,
    0.34471153846153846,
    0.413125,
    0.48091346153846154,
    0.5475480769230769,
    0.6123557692307692,
    0.6746153846153846,
    0.7327884615384616,
    0.7858653846153846,
    0.8333173076923077,
    0.8746153846153846,
    0.9084615384615384,
    0.9359134615384616,
    0.9570673076923077,
    0.9716826923076923,
    0.9821634615384616,
    0.9892788461538462,
    0.9934615384615385,
    0.99625,
    0.9980769230769231,
    0.9991346153846153,
    0.9997596153846153,
    0.999951923076923
  ],
  "Algorithm": [
    0.0,
    0.0691826923076923,
    0.1383653846153846,
    0.20754807692307692,
    0.2767307692307692,
    0.34591346153846153,
    0.41509615384615384,
    0.48427884615384614,
    0.5534615384615384,
    0.6226442307692308,
    0.6918269230769231,
    0.7610096153846154,
    0.8301923076923077,
    0.899375,
    0.9685576923076923,
    1.0,
    1.0,
    1.0,
    1.0,
    1.0,
    1.0,
    1.0,
    1.0,
    1.0,
    1.0,
    1.0,
    1.0
  ]
}