{
  "x": [
    2000,
    2500,
    3000,
    3500,
    4000,
    4500,
    5000,
    5500,
    6000,
    6500,
    7000,
    7500,
    8000,
    8500
  ],
  "Random": [
    51.29999999999999,
    57.29396551724138,
    63.59145299145298,
    69.44741379310342,
    76.2377192982456,
    81.97586206896548,
    88.59043478260867,
    95.54070796460174,
    101.32631578947363,
    108.37964601769906,
    114.65575221238933,
    119.77368421052631,
    126.09561403508772,
    133.1412280701754
  ],
  "Algorithm": [
    40.96716049382716,
    41.476803482587066,
    41.98656716417911,
    42.509438775510205,
    43.03326771653543,
    43.57112860892388,
    44.13242424242424,
    44.93234848484848,
    45.9567944250871,
    47.21541666666666,
    48.43614583333332,
    50.523333333333326,
    52.39249999999999,
    54.18406249999999
  ]
}