{
  "x": [
    2000,
    2500,
    3000,
    3500,
    4000,
    4500,
    5000,
    5500,
    6000,
    6500,
    7000,
    7500,
    8000,
    8500
  ],
  "Random": [
    43.49744360902256,
    45.31286764705882,
    47.28101851851853,
    49.58346666666667,
    52.93978494623656,
    56.00203045685281,
    59.70694444444445,
    64.89302325581396,
    69.70333333333336,
    75.32881355932206,
    80.43760683760686,
    84.60170940170943,
    89.76949152542376,
    95.80677966101693
  ],
  "Algorithm": [
    38.046279069767444,
    38.41825581395349,
    38.79,
    39.16427732079906,
    39.54018801410106,
    39.915863689776735,
    40.3120987654321,
    40.85271604938272,
    41.47810945273632,
    42.21785714285714,
    42.850382653061224,
    44.049090909090914,
    45.31324041811847,
    46.680615942028986
  ]
}