{
  "x": [
    2000,
    2500,
    3000,
    3500,
    4000,
    4500,
    5000,
    5500,
    6000,
    6500,
    7000,
    7500,
    8000,
    8500
  ],
  "Random": [
    36.798622273249144,
    38.03754345307068,
    39.29953703703704,
    40.4925407925408,
    41.84644549763034,
    43.06113116726836,
    44.312165450121654,
    45.73962732919255,
    47.06265060240964,
    48.57765363128492,
    50.05678627145086,
    51.67661538461539,
    53.38959349593497,
    55.25478547854786
  ],
  "Algorithm": [
    32.51175166297118,
    32.66674057649668,
    32.821286031042135,
    32.97738359201774,
    33.132962138084636,
    33.28819599109132,
    33.449443207126954,
    34.27388888888889,
    35.27574704656011,
    36.27421820708826,
    37.27546907574705,
    38.2778318276581,
    39.276302988186245,
    40.27755385684503
  ]
}