{
  "x": [
    2000,
    2500,
    3000,
    3500,
    4000,
    4500,
    5000,
    5500,
    6000,
    6500,
    7000,
    7500,
    8000,
    8500
  ],
  "Random": [
    30.96768558951965,
    31.924647122692722,
    32.858441558441555,
    33.76341991341991,
    34.78758029978586,
    35.713135593220336,
    36.71290661070304,
    37.85454545454545,
    38.942026078234704,
    40.039282153539375,
    41.27074829931973,
    42.406728971962615,
    43.65569852941176,
    44.9043956043956
  ],
  "Algorithm": [
    27.129641693811074,
    27.08588490770901,
    27.041476655808903,
    26.999350649350642,
    27.364652777777774,
    28.24111111111111,
    29.114166666666666,
    29.989652777777778,
    30.866111111111106,
    31.739166666666666,
    32.61465277777778,
    33.49111111111111,
    34.36416666666667,
    35.239819318971506
  ]
}