{
  "x": [
    2000,
    2500,
    3000,
    3500,
    4000,
    4500,
    5000,
    5500,
    6000,
    6500,
    7000,
    7500,
    8000,
    8500
  ],
  "Random": [
    49.530136986301365,
    52.18426763110306,
    54.60131362889983,
    56.95024549918167,
    58.70124416796267,
    61.47932773109243,
    63.464999999999996,
    65.8172859450727,
    68.03316912972085,
    71.04982578397212,
    73.43483333333333,
    76.40542372881356,
    78.15382059800663,
    80.27041139240505
  ],
  "Algorithm": [
    38.77158931082981,
    39.73307852675469,
    42.15858234885337,
    44.56956219596942,
    46.9950660180681,
    49.42056984016678,
    51.83154968728284,
    54.257053509381514,
    56.68255733148019,
    59.09353717859624,
    61.51904100069492,
    63.9445448227936,
    66.35552466990966,
    68.78102849200833
  ]
}