{
  "x": [
    2000,
    2500,
    3000,
    3500,
    4000,
    4500,
    5000,
    5500,
    6000,
    6500,
    7000,
    7500,
    8000,
    8500
  ],
  "Random": [
    45.55291201982652,
    47.838224414303326,
    50.079897567221515,
    52.12526041666667,
    53.89858823529412,
    56.23001261034048,
    58.20878048780488,
    60.07543424317618,
    62.43204678362573,
    64.97913247362251,
    66.8959706959707,
    69.58661710037175,
    71.3020606060606,
    73.35095238095238
  ],
  "Algorithm": [
    35.39519230769231,
    37.640583738707434,
    39.938429464906186,
    42.22251563585824,
    44.52036136205699,
    46.81820708825573,
    49.102293259207784,
    51.400138985406535,
    53.69798471160529,
    55.98207088255733,
    58.27991660875608,
    60.577762334954826,
    62.86184850590688,
    65.15969423210564
  ]
}