{
  "x": [
    2000,
    2500,
    3000,
    3500,
    4000,
    4500,
    5000,
    5500,
    6000,
    6500,
    7000,
    7500,
    8000,
    8500
  ],
  "Random": [
    39.01377777777778,
    40.89098805646037,
    42.68100436681223,
    44.27584699453552,
    45.95543595263725,
    47.81354497354498,
    49.42686567164179,
    50.861717921527045,
    52.94754797441365,
    55.126215644820306,
    56.486520376175555,
    58.619341126461215,
    60.26810256410257,
    61.984381338742395
  ],
  "Algorithm": [
    31.415555555555557,
    33.45666666666667,
    35.49812369701181,
    37.52842251563586,
    39.57095205003475,
    41.613481584433636,
    43.64378040305768,
    45.68630993745657,
    47.72883947185546,
    49.7591382904795,
    51.80166782487839,
    53.84419735927728,
    55.87449617790132,
    57.917025712300216
  ]
}