{
  "x": [
    2000,
    2500,
    3000,
    3500,
    4000,
    4500,
    5000,
    5500,
    6000,
    6500,
    7000,
    7500,
    8000,
    8500
  ],
  "Random": [
    32.86530612244898,
    34.49259645464025,
    35.80361317747077,
    37.06687697160883,
    38.49175991861648,
    40.07494949494949,
    41.27186234817813,
    42.581024667931686,
    44.12653061224489,
    46.14395501405811,
    47.38096980786825,
    49.01424554826617,
    50.708237378210804,
    52.11529619805482
  ],
  "Algorithm": [
    27.48861111111111,
    29.27458333333333,
    31.060555555555553,
    32.83583333333333,
    34.621805555555554,
    36.40875608061153,
    38.185267546907575,
    39.9724808895066,
    41.75969423210562,
    43.536205698401666,
    45.32341904100069,
    47.11063238359972,
    48.88714384989576,
    50.67435719249478
  ]
}