{
  "x": [
    2000,
    2500,
    3000,
    3500,
    4000,
    4500,
    5000,
    5500,
    6000,
    6500,
    7000,
    7500,
    8000,
    8500
  ],
  "Random": [
    12.759402985074626,
    14.59105504587156,
    17.398601398601397,
    19.857936507936508,
    22.07676537585421,
    24.93385214007782,
    27.498734177215187,
    29.864811490125668,
    32.287569573283854,
    34.60469798657718,
    37.63614232209738,
    39.42179261862917,
    41.675588235294114,
    44.51714285714285
  ],
  "Algorithm": [
    9.672967338429464,
    0,
    14.523974982626823,
    16.934954829742875,
    19.360458651841554,
    21.785962473940234,
    24.196942321056287,
    26.622446143154967,
    29.047949965253647,
    31.4589298123697,
    33.88443363446838,
    36.309937456567056,
    38.72091730368311,
    41.14642112578179
  ]
}