{
  "x": [
    2000,
    2500,
    3000,
    3500,
    4000,
    4500,
    5000,
    5500,
    6000,
    6500,
    7000,
    7500,
    8000,
    8500
  ],
  "Random": [
    10.994928684627574,
    12.914550264550265,
    15.494318181818182,
    17.678975741239892,
    19.787995198079233,
    22.258807588075882,
    24.613333333333337,
    26.868670520231216,
    29.20023980815348,
    31.35895096921323,
    33.88758465011286,
    35.78914405010438,
    38.101716738197425,
    40.471077908217715
  ],
  "Algorithm": [
    9.163863794301598,
    11.461709520500348,
    13.759555246699097,
    16.04364141765115,
    18.341487143849896,
    20.639332870048644,
    22.923419041000695,
    25.221264767199447,
    27.519110493398195,
    29.803196664350246,
    32.10104239054899,
    34.39888811674774,
    36.68297428769979,
    38.980820013898544
  ]
}