{
  "x": [
    2000,
    2500,
    3000,
    3500,
    4000,
    4500,
    5000,
    5500,
    6000,
    6500,
    7000,
    7500,
    8000,
    8500
  ],
  "Random": [
    8.947835269271383,
    10.80280112044818,
    13.003033367037414,
    14.844007155635063,
    16.763931623931626,
    18.831946755407657,
    20.893457943925235,
    22.930448979591837,
    25.002564102564104,
    26.92484076433121,
    29.041430948419304,
    30.894090560245587,
    32.999692544196776,
    35.04453004622496
  ],
  "Algorithm": [
    8.145656706045866,
    10.188186240444754,
    12.230715774843642,
    14.261014593467687,
    16.303544127866576,
    18.346073662265464,
    20.376372480889508,
    22.418902015288396,
    24.461431549687283,
    26.49173036831133,
    28.534259902710218,
    30.576789437109106,
    32.60708825573315,
    34.64961779013204
  ]
}