{
  "x": [
    2000,
    2500,
    3000,
    3500,
    4000,
    4500,
    5000,
    5500,
    6000,
    6500,
    7000,
    7500,
    8000,
    8500
  ],
  "Random": [
    7.4844686648501355,
    9.18252100840336,
    11.064406779661015,
    12.684965304548959,
    14.41391830559758,
    16.220877458396366,
    17.969298892988927,
    19.795018315018314,
    21.59324522760646,
    23.31383055756698,
    25.136842105263156,
    26.838549075391178,
    28.657203994293862,
    30.486993603411513
  ],
  "Algorithm": [
    7.127449617790132,
    8.914662960389158,
    10.701876302988186,
    12.478387769284224,
    14.265601111883251,
    16.052814454482277,
    17.829325920778317,
    19.616539263377344,
    21.403752605976372,
    23.18026407227241,
    24.96747741487144,
    26.754690757470463,
    28.531202223766503,
    30.31841556636553
  ]
}