{
  "x": [
    0,
    1,
    2,
    3,
    4,
    5,
    6,
    7,
    8,
    9,
    10,
    11,
    12,
    13,
    14,
    15,
    16,
    17,
    18,
    19,
    20,
    21,
    22,
    23,
    24,
    25,
    26,
    27,
    28,
    29,
    30,
    31,
    32,
    33,
    34,
    35,
    36,
    37,
    38,
    39,
    40,
    41,
    42,
    43,
    44,
    45,
    46,
    47,
    48,
    49,
    50,
    51,
    52,
    53,
    54,
    55,
    56,
    57,
    58,
    59,
    60,
    61,
    62,
    63,
    64,
    65,
    66,
    67,
    68,
    69,
    70,
    71,
    72,
    73,
    74,
    75,
    76,
    77,
    78,
    79,
    80,
    81,
    82,
    83,
    84,
    85,
    86,
    87,
    88,
    89,
    90,
    91,
    92,
    93,
    94,
    95,
    96,
    97,
    98,
    99,
    100,
    101,
    102,
    103,
    104
  ],
  "Random": [
    0.0,
    0.024958402662229616,
    0.04991680532445923,
    0.07487520798668885,
    0.09983361064891846,
    0.12479201331114809,
    0.1497504159733777,
    0.17469148641153634,
    0.19963255684969494,
    0.2245216306156406,
    0.2493067110371603,
    0.27397046589018303,
    0.2983915696062119,
    0.32248336106489184,
    0.346228508042152,
    0.36959234608985025,
    0.3922628951747088,
    0.4144654742096506,
    0.4360094287298946,
    0.456756100942873,
    0.4769654742096506,
    0.4966722129783694,
    0.5159109816971714,
    0.5346124514697727,
    0.5527246256239601,
    0.5704208264004437,
    0.5875623960066556,
    0.6045133111480865,
    0.6212042429284526,
    0.6377391846921797,
    0.6540488075429839,
    0.6702544370493622,
    0.6863560732113144,
    0.7023537160288408,
    0.7181433721575152,
    0.7338636993899057,
    0.7494973655019412,
    0.7649750415973378,
    0.7802793954520244,
    0.7954104270660011,
    0.8103854686633388,
    0.8250138657792568,
    0.8392262895174709,
    0.8529707432057682,
    0.8660392401552968,
    0.8779811425402108,
    0.8886231281198004,
    0.8978438713255685,
    0.9052793954520244,
    0.9115016638935108,
    0.9164413477537438,
    0.920549084858569,
    0.9241195230171936,
    0.9271699944536883,
    0.9299084858569051,
    0.9323523294509152,
    0.9345881863560732,
    0.9367200499168054,
    0.9388172490293955,
    0.9408624514697727,
    0.9428903216860788,
    0.9449181919023849,
    0.946946062118691,
    0.9489739323349973,
    0.9510018025513034,
    0.9530296727676095,
    0.9550402107598447,
    0.9570507487520798,
    0.959043954520244,
    0.9610371602884082,
    0.9630303660565723,
    0.9650235718247365,
    0.9669994453688298,
    0.968940654464781,
    0.9708818635607321,
    0.9727884082085413,
    0.9746776206322796,
    0.9765148363838048,
    0.978265391014975,
    0.9799812811980033,
    0.9816798391569607,
    0.9833090682196339,
    0.9849036328341653,
    0.9864635330005547,
    0.987936772046589,
    0.9892366888519135,
    0.990449944536883,
    0.9916458679977814,
    0.992772462562396,
    0.9937950637825845,
    0.9946963394342762,
    0.9955629506378258,
    0.9963429007210205,
    0.9970361896838602,
    0.997625485302274,
    0.9981627842484747,
    0.9985960898502496,
    0.9989600665557404,
    0.9992720465890182,
    0.9995146977260122,
    0.9997053521907932,
    0.99982667775929,
    0.999878674431503,
    0.999930671103716,
    0.999982667775929
  ],
  "Algorithm": [
    0.0,
    0.02732655229998482,
    0.05465310459996964,
    0.08197965689995446,
    0.10930620919993927,
    0.1366327614999241,
    0.1639593137999089,
    0.19128586609989373,
    0.21861241839987855,
    0.24593897069986337,
    0.2732655229998482,
    0.300592075299833,
    0.3279186275998178,
    0.35524517989980264,
    0.38257173219978746,
    0.4098982844997723,
    0.4372248367997571,
    0.4645513890997419,
    0.49187794139972674,
    0.5192044936997116,
    0.5465310459996964,
    0.5738575982996812,
    0.601184150599666,
    0.6285107028996508,
    0.6464437528465159,
    0.6641301047517838,
    0.6817405495673295,
    0.6992750872931531,
    0.7167526947016851,
    0.734154395020495,
    0.7514801882495825,
    0.7687490511613785,
    0.7859420069834523,
    0.8030590557158038,
    0.8201001973584333,
    0.8370844086837711,
    0.853935782602095,
    0.8705973887961136,
    0.8871071808106877,
    0.9034272051009564,
    0.9195764384393502,
    0.9349476241080917,
    0.9502049491422498,
    0.9650827387277972,
    0.9795430393198725,
    0.9920677091240322,
    0.9986146956125702,
    1.0,
    1.0,
    1.0,
    1.0,
    1.0,
    1.0,
    1.0,
    1.0,
    1.0,
    1.0,
    1.0,
    1.0,
    1.0,
    1.0,
    1.0,
    1.0,
    1.0,
    1.0,
    1.0,
    1.0,
    1.0,
    1.0,
    1.0,
    1.0,
    1.0,
    1.0,
    1.0,
    1.0,
    1.0,
    1.0,
    1.0,
    1.0,
    1.0,
    1.0,
    1.0,
    1.0,
    1.0,
    1.0,
    1.0,
    1.0,
    1.0,
    1.0,
    1.0,
    1.0,
    1.0,
    1.0,
    1.0,
    1.0,
    1.0,
    1.0,
    1.0,
    1.0,
    1.0,
    1.0,
    1.0,
    1.0,
    1.0,
    1.0
  ]
}