{
  "x": [
    0,
    1,
    2,
    3,
    4,
    5,
    6,
    7,
    8,
    9,
    10,
    11,
    12,
    13,
    14,
    15,
    16,
    17,
    18,
    19,
    20,
    21,
    22,
    23,
    24,
    25,
    26,
    27,
    28,
    29,
    30,
    31,
    32,
    33,
    34,
    35,
    36,
    37,
    38,
    39,
    40,
    41,
    42,
    43,
    44,
    45,
    46,
    47,
    48,
    49,
    50,
    51,
    52,
    53,
    54,
    55,
    56,
    57,
    58,
    59,
    60,
    61,
    62,
    63,
    64,
    65,
    66,
    67,
    68,
    69,
    70,
    71
  ],
  "Random": [
    0.0,
    0.022967972438433074,
    0.04593594487686615,
    0.06890391731529923,
    0.0918718897537323,
    0.11483986219216537,
    0.13780783463059845,
    0.1607598570881715,
    0.18369592956488454,
    0.20661605206073752,
    0.22947237463315043,
    0.25226489728212326,
    0.2748500701799158,
    0.29732359321168816,
    0.31962166645400025,
    0.3417283399259921,
    0.36337246395304323,
    0.38466568840117393,
    0.40544851346178384,
    0.425720939134873,
    0.44551486538216156,
    0.46491004210794945,
    0.4839224192930969,
    0.5025519969376037,
    0.52084662498405,
    0.538886053336736,
    0.5566543320148016,
    0.5740238611713666,
    0.5908670409595509,
    0.6074071711113946,
    0.623628301646038,
    0.6396899323720812,
    0.6555282633660839,
    0.6711592446089065,
    0.6865509761388287,
    0.7018629577644507,
    0.7170951894857727,
    0.7321998213602143,
    0.747208753349496,
    0.7621219854536174,
    0.7769235676917188,
    0.7916294500446599,
    0.8062236825315809,
    0.8207062651524818,
    0.8349974480030624,
    0.8490334311598826,
    0.8627823146612225,
    0.8762919484496619,
    0.8894347326783207,
    0.9023063672323594,
    0.9148909021309174,
    0.9269650376419548,
    0.9383692739568712,
    0.9488803113436264,
    0.9584343498787802,
    0.9667921398494321,
    0.9742248309302028,
    0.9803496235804517,
    0.985421717493939,
    0.9894570626515248,
    0.9927108587469695,
    0.9952150057419931,
    0.9970333035600357,
    0.997974352430777,
    0.998596401684318,
    0.9990589511292587,
    0.999346050784739,
    0.9995534005359193,
    0.9997288503253796,
    0.9998564501722598,
    0.9999362000765599,
    0.9999840500191399
  ],
  "Algorithm": [
    0.0,
    0.022967972438433074,
    0.04593594487686615,
    0.06890391731529923,
    0.0918718897537323,
    0.11483986219216537,
    0.13780783463059845,
    0.16077580706903152,
    0.1837437795074646,
    0.20671175194589766,
    0.22967972438433074,
    0.25264769682276383,
    0.2756156692611969,
    0.29858364169963,
    0.32155161413806305,
    0.3445195865764961,
    0.3674875590149292,
    0.39045553145336226,
    0.41342350389179533,
    0.4363914763302284,
    0.45935944876866147,
    0.48232742120709454,
    0.5052953936455277,
    0.5282633660839607,
    0.5512313385223938,
    0.5741993109608269,
    0.59716728339926,
    0.620135255837693,
    0.6431032282761261,
    0.6660712007145592,
    0.6890391731529922,
    0.7120071455914253,
    0.7349751180298584,
    0.7579430904682914,
    0.7809110629067245,
    0.8038790353451576,
    0.8268310578027306,
    0.8497830802603037,
    0.8727351027178767,
    0.8956871251754498,
    0.9186391476330228,
    0.9415911700905959,
    0.9645431925481689,
    0.987495215005742,
    0.9943058568329718,
    0.9973523031772362,
    0.9988516013780784,
    1.0,
    1.0,
    1.0,
    1.0,
    1.0,
    1.0,
    1.0,
    1.0,
    1.0,
    1.0,
    1.0,
    1.0,
    1.0,
    1.0,
    1.0,
    1.0,
    1.0,
    1.0,
    1.0,
    1.0,
    1.0,
    1.0,
    1.0,
    1.0,
    1.0
  ]
}